{
    "dataset": {
        "name": "Macrophage",
        "label_name": "macrophage",
        "indices": null
    },
    "individual": {
        "sequence": "[[0, 0, 0, 0, 0], [0, 0, 0, 0, 0], [0, 0, 0, 0, 0], [21, 0, 0, 106, 168], [40, 3, 3, 51, 68], [13, 0, 1, 49, 119], [14, 2, 5, 27, 73], [25, 3, 3, 158, 150], [12, 1, 0, 213, 18], [36, 3, 4, 66, 138], [12, 3, 9, 48, 57], [24, 6, 8, 62, 177], [3, 2, 1, 159, 61], [19, 2, 3, 207, 201], [4, 11, 1, 246, 32], [34, 0, 10, 192, 231], [26, 14, 1, 91, 248], [23, 7, 14, 235, 56], [1, 14, 5, 62, 149], [2, 11, 16, 180, 215], [6, 1, 10, 237, 198], [33, 13, 9, 46, 107], [40, 10, 2, 96, 38], [2, 19, 13, 195, 26], [5, 21, 6, 249, 187], [32, 13, 4, 225, 251], [21, 5, 0, 150, 95], [13, 7, 13, 101, 3], [13, 19, 18, 194, 78], [1, 2, 9, 50, 110], [19, 17, 5, 33, 175], [3, 18, 15, 75, 223], [14, 16, 25, 10, 1], [0, 23, 0, 0, 0]]",
        "fitness": {
            "fitness": 0.19366578787806835,
            "time": 0.07110895560337947
        }
    },
    "decoding": {
        "metadata": {
            "rows": 1,
            "columns": 30,
            "n_in": 3,
            "n_out": 1,
            "n_para": 2,
            "n_conn": 2
        },
        "functions": [
            "max",
            "min",
            "mean",
            "add",
            "subtract",
            "bitwise_not",
            "bitwise_or",
            "bitwise_and",
            "bitwise_and_mask",
            "bitwise_xor",
            "sqrt",
            "pow2",
            "exp",
            "log",
            "median_blur",
            "gaussian_blur",
            "laplacian",
            "sobel",
            "robert_cross",
            "canny",
            "sharpen",
            "gabor",
            "abs_diff",
            "abs_diff2",
            "fluo_tophat",
            "rel_diff",
            "erode",
            "dilate",
            "open",
            "close",
            "morph_gradient",
            "morph_tophat",
            "morph_blackhat",
            "fill_holes",
            "remove_small_objects",
            "remove_small_holes",
            "threshold",
            "threshold_at_1",
            "distance_transform",
            "distance_transform_and_thresh",
            "inrange_bin",
            "inrange"
        ],
        "endpoint": {
            "name": "Threshold (t=4)",
            "abbv": "TRSH",
            "arity": 1,
            "args": 0,
            "kwargs": {
                "threshold": 4
            }
        },
        "mode": "default"
    }
}