training,test
0.8082277109738923,0.64083869342385
0.8082277109738923,0.64083869342385
0.8225300867618248,0.6499723449116219
